image,010,015,017,022,002,014,020,019,008,011,016,005,000,013,003,007,001,006,018,004,009,021,012
A0000,미리내승마클럽,교육서비스,␣,␣,최성훈,서비스업,∅,해당 사업장은 프리미엄 프로그램 인기와 신규 고객 유치해서 운영상태 양호,강서연,1101140025715,개업,2025.4.12,민김지,서울특별시 강남구 테헤란로 123,✔,디 올뉴 그랜저,✔,주식회사 케이자동차,24,2025.4.12,␣,␣,2004.03.15
A0001,개인택시,개인택시 운송,␣,␣,배수진,운송업,∅,해당 사업장은 심야 시간대 수요 증가와 플랫폼 연계해서 운영상태 양호,곽광도,1143220032038,사업장이전,2025.1.29,서박연,경기도 성남시 분당구 정자동 456,✔,G803,✔,주식회사 미소자동차,12,2025.1.29,␣,␣,2005.11.28
A0002,매직온,온라인 쇼핑몰,␣,␣,이현우,전자상거래업,∅,해당 사업장은 온라인 마케팅 강화와 신규 상품 출시해서 운영상태 양호,김윤경,1146340035081,사업재개,2025-2-5,지이훈,부산광역시 해운대구 마린시티 1로 789,✔,그랜져HG,✔,(주)더드림카,9,2025-2-5,␣,␣,2006.07.04
A0003,주식회사 진보모피,제품 제조,␣,␣,한지민,제조업,∅,해당 사업장은 해외 시장 진출과 프리미엄 라인 판매 증가해서 운영상태 양호,김하경,1146410000716,사업자 주소 변경,2025.3.18,수최아,대전광역시 서구 둔산로 1011,✔,GV70,✔,(주)한누리모터스,9,2025.3.18,␣,␣,2007.05.10
A0004,(주)엑소후레쉬,식품 제조,␣,␣,박준영,제조업,∅,해당 사업장은 대형 마트 납품 증가와 신제품 개발해서 운영상태 양호,강민우,1152110040944,재발급,2025.1.15,예정진,인천광역시 부평구 부평대로 234,✔,LANDROVER 4.4 SDV8,✔,주식회사 더카프라자,4,2025.1.15,␣,␣,2008.12.24
A0005,남산기업(주),일반 건설,␣,␣,김민지,건설업,∅,해당 사업장은 수주 계약 증가와 건설 경기 회복해서 운영상태 양호,류홍승,1154110025017,사업확장,2025.2.22,지강우,광주광역시 북구 용봉동 345,✔,GV70,✔,주식회사 바른손,25,2025.2.22,␣,␣,2009.08.16
A0006,대라중기,건설기계 수리,␣,␣,서예진,서비스,∅,해당 사업장은 건설 현장 증가와 수리 서비스 수요 증가해서 운영상태 양호,최정희,1301110011691,사업분할,2025-03-09,서윤현,울산광역시 남구 삼산로 678,✔,JEEP 2.4,✔,신화,11,2025-03-09,␣,␣,2010.02.28
A0007,서울금형,금형 제조,␣,␣,유재석,제조업,∅,해당 사업장은 자동차 부품 주문 증가와 신규 고객 확보해서 운영상태 양호,박건영,1342110132243,개업,2025.01.03,하장늘,강원도 춘천시 퇴계로 901,✔,TOYOTA 프리우스,✔,더마니카,19,2025.01.03,␣,␣,2011.09.03
A0008,장미꽂나라,도소매업,␣,␣,고현정,도소매업,∅,해당 사업장은 온라인 판매 채널 확대와 기념일 수요 증가해서 운영상태 양호,김인원,1347110003791,사업장이전,2025.02.11,지송훈,경기도 안산시 단원구 고잔동 1213,✔,K8,✔,해피카,22,2025.02.11,␣,␣,2012.06.21
A0009,무교동낙지,낙지 전문점,␣,␣,정우성,음식점업,∅,해당 사업장은 배달 서비스 확대와 단골 고객 증가해서 운영상태 양호,안광희,1501110025200,사업재개,2025-03-26,수배진,경기도 김포시 통진읍 1415,✔,디 올뉴그랜져,✔,성곡점기아오토큐(주),9,2025-03-26,␣,␣,2013.1.1
A0010,제일특수강,특수강 제조,␣,␣,손예진,제조업,∅,해당 사업장은 조선 및 자동차 산업 회복과 수요 증가해서 운영상태 양호,김미래,1601110091803,사업자 주소 변경,2025.01.30,민권서,전라북도 전주시 완산구 효자동 1617,✔,더 뉴그랜져IG,✔,미미카,3,2025.01.30,␣,␣,2014.10.31
A0011,이원메디텍,의료기기 제조,␣,␣,장동건,제조업,∅,해당 사업장은 해외 수출 증가와 신규 의료기기 출시해서 운영상태 양호,김희정,1717110051399,재발급,2025-02-08,예조나,충청남도 천안시 서북구 성정동 1819,✔,디 올뉴그랜져,✔,사과나무자동차,22,2025-02-08,␣,␣,2015.04.17
A0012,반야정밀,정밀 기계 부품 제조,␣,␣,김태희,제조업,∅,해당 사업장은 반도체 산업 성장과 정밀 부품 수요 증가해서 운영상태 양호,임태범,1717110059666,사업확장,2025.03.15,준임서,경상북도 포항시 남구 대송면 2021,✔,K8,✔,주식회사 예일자동차,5,2025-03-15,␣,␣,2016.08.08
A0013,포엠,의류 판매,␣,␣,이민호,도소매업,∅,해당 사업장은 SNS 마케팅 강화와 신규 디자인 출시해서 운영상태 양호,박성환,1801110308866,사업분할,2025.01.20,서한준,제주특별자치도 제주시 노형동 2223,✔,K8,✔,(주)CTRM,19,2025.01.20,␣,␣,2017.06.12
A0014,신덕계전,"전기, 전자 부품 제조",␣,␣,수지,제조업,∅,해당 사업장은 전력 수요 증가와 신규 사업 수주해서 운영상태 양호,박성환,1801210008548,개업,2025.02.17,지서연,세종특별자치시 조치원읍 2425,✔,디 올뉴그랜져,✔,대한렌트카 후평영업소,25,2025.02.17,␣,␣,2018.01.20
A0015,제민한의원,한의원,␣,␣,송중기,서비스업,∅,해당 사업장은 건강 보험 적용 확대와 환자 증가해서 운영상태 양호,장호용,1812110023536,사업장이전,2025.03.04,예신지,충청북도 청주시 흥덕구 오송읍 2627,✔,디 올뉴그랜져,✔,(유)형통모터스,4,2025.03.04,␣,␣,2019.12.31
A0016,갤러리아과자점,제과점,␣,␣,유아인,음식점업,∅,해당 사업장은 신제품 출시와 선물 수요 증가해서 운영상태 양호,이철희,1901110003141,사업재개,2025.01.07,현고우,전라남도 순천시 해룡면 2829,✔,VOLVO B6 AWD,✔,성원모터스,18,2025.01.07,␣,␣,␣
A0017,프리스타일,의류 판매,␣,␣,김혜수,도소매업,∅,해당 사업장은 온라인 판매 채널 확대와 신규 고객 유치해서 운영상태 양호,윤재석,1942110221177,사업자 주소 변경,2025-02-28,수문현,경상남도 창원시 성산구 상남동 3031,✔,LANDROVER2,✔,김도현모터스,20,2025-02-28,␣,␣,2021.10.19
A0018,D.Y 홀딩스,투자 및 경영 컨설팅,␣,␣,차승원,서비스업,∅,해당 사업장은 투자 포트폴리오 다각화와 투자 수익 증가해서 운영상태 양호,강석환,2011110009343,재발급,2025.03.21,민이준,강원도 강릉시 경포동 3233,✔,PORSCHE3,✔,자동차 친구,6,2025.03.21,␣,␣,2022.05.09
A0019,하나웰빙하우스,건강 관련 서비스,␣,␣,공효진,서비스업,∅,해당 사업장은 건강 검진 프로그램 인기와 신규 고객 유치해서 운영상태 양호,김인수,2013110022367,사업확장,2025.01.11,지김우,경기도 용인시 수지구 3435,✔,G802,✔,오토마켓 주식회사,21,2025.01.11,␣,␣,2023.02.14
A0020,피앤지,화장품 제조,␣,␣,조인성,제조업,∅,해당 사업장은 프리미엄 화장품 판매 증가와 해외 시장 확대해서 운영상태 양호,김동일,2045110000580,사업분할,2025.02.02,서박준,경상북도 김천시 지좌동 3637,✔,AUDI 35 TDI,✔,한국타이어　태백점,16,2025.02.02,␣,␣,2024.07.27
A0021,구은희 화장품,화장품 제조,␣,␣,전지현,제조업,∅,해당 사업장은 온라인 판매 채널 확대와 신제품 출시해서 운영상태 양호,장민제,2045110000902,개업,2025.03.28,수최현,전라북도 익산시 모현동 3839,✔,기아 더 뉴모닝 가솔린,✔,계룡상사,6,2025.03.28,␣,␣,2004.03.07
A0022,종합란제리,도소매업,␣,␣,원빈,도소매업,∅,해당 사업장은 신규 디자인 출시와 온라인 판매 증가해서 운영상태 양호,김경태,2046110036814,사업장이전,2025.01.24,민정지,충청남도 아산시 배방읍 4041,✔,BMW X3 20d xDrive,✔,차왕모터스,19,2025.01.24,␣,␣,2005.09.11
A0023,현대슈퍼,슈퍼마켓,␣,␣,이병헌,도소매업,∅,해당 사업장은 신선 식품 판매 증가와 고객 유치해서 운영상태 양호,김희석,2056110002434,사업재개,2025.02.19,예강진,경기도 평택시 용이동 4243,✔,K9,✔,주식회사 세용스토리,13,2025.02.19,␣,␣,2006.11.22
A0024,김서영 마산 아구찜 해물탕,음식점업,␣,␣,송강호,음식점업,∅,해당 사업장은 배달 서비스 확대와 단골 고객 증가해서 운영상태 양호,진준호,2062110018256,사업자 주소 변경,2025-03-12,지윤훈,경상남도 진주시 판문동 4445,✔,더 뉴카니발,✔,주식회사 천일모터스,16,2025-03-12,␣,␣,2007.01.30
A0025,이보영의 토킹클럽 송촌학원,교육 서비스업,␣,␣,최민식,교육 서비스업,∅,해당 사업장은 수강생 증가와 신규 프로그램 개발해서 운영상태 양호,박상준,2146140003120,재발급,2025.01.01,수장아,전라남도 여수시 소호동 4647,✔,아이오닉6,✔,진솔모터스,3,2025.01.01,␣,␣,2008.07.15
A0026,김환태의원,의원,␣,␣,한석규,의료업,∅,해당 사업장은 환자 증가와 신규 의료 서비스 도입해서 운영상태 양호,김학재,2149140002689,사업확장,2025.02.06,민송서,충청북도 제천시 봉양읍 4849,✔,K7,✔,칠성모터스,23,2025.02.06,␣,␣,2009.03.01
A0027,현대상회,백화점,␣,␣,심은하,도소매업,∅,해당 사업장은 신규 상품 입점과 고객 유치해서 운영상태 양호,권혁정,5080519634,사업분할,2025-03-07,예배나,경상북도 안동시 풍천면 5051,✔,신형 쏘나타 하이브리드,✔,리더스모터스,9,2025-03-07,␣,␣,2010.08.25
A0028,사임당화장품부천지사,화장품 판매,␣,␣,안성기,도소매업,∅,해당 사업장은 신제품 출시와 고객 맞춤형 서비스 제공해서 운영상태 양호,함천식,1068167777,사업자 주소 변경,2025-01-18,준권서,강원도 원주시 단구동 5253,✔,봉고Ⅲ,✔,라인모터스,15,2025-01-18,␣,␣,2011.10.13
A0029,승인개별중기,개별 건설업,␣,␣,문소리,건설업,∅,해당 사업장은 수주 계약 증가와 건설 경기 회복해서 운영상태 양호,장태혁,3051023964,재발급,2025.02.14,서조준,경기도 이천시 증포동 5455,✔,FORD 2,✔,창원중고차 카옥션마트,24,2025.02.14,␣,␣,2012.04.26
C0000,만발,␣,␣,PWTQ2XR,형이렌,영화 및 비디오물 상영업,∅,거쳐,호의정,607-89-07650,␣,␣,␣,␣,✘,토레스 아반떼,✘,"뜻으로,",4,1971.06.21,"전북특별자치도 고창군 고창읍 보릿골로 126-6 (읍내리, 숯불갈비)",1226393574,1926.2.26
C0001,해방촌닭,기타 무점포 소매업,당류와 산소의,PUU9VJ2,백은초,기타 전문 서비스업,∅,곤충의,권대교,628-72-43725,원의 비서,1953-11-17,승영석,␣,✘,캐스퍼 CR-V,✘,자손이나,␣,1947.08.22,충청북도 충주시 앙성면 모점리 226-4,9857060800,1994/11/11
C0002,버터핑거팬케익스(강남역점),주거용 건물 건설업,헤적01,PY3BN84,반준아,␣,∅,대하여 강력한,빈셉,338-51-68313,마지막 황제(180,1988-03-17,␣,전북특별자치도 장수군 장계면 장계신기길 51 (송천리),✔,A3 팰리세이드,✘,노동조합,␣,1916.6.10,경상남도 진주시 판문동 231-4,1723453619,2046.4.6
C0003,만두집,무형 재산권 임대업,완불.,P6VDZXE,차새린,"의약품, 의료용 기구, 화장품 및 방향제 소매업",∅,이황02의,␣,516-80-80982,사람.,1940.7.12,두알렉스,충청남도 천안시 동남구 영성로 1-50 (사직동),✔,␣,✔,"영유하였고,",9,1969.2.1,␣,9034886655,␣
C0004,온고푸드커뮤니케이션,"사무용 기기, 안경, 사진장비 및 정밀기기 소매업",트이는,P5EB8GI,␣,␣,∅,잘라,제베라,065-05-11508,밤. 어제의,2048.03.11,임서찬,경상남도 창원시 마산합포구 산호서7길 33-6 (산호동),✔,i4 프리우스,✔,번역하여,3,1952.2.26,␣,1150450867,1928.03.30
C0005,␣,사진 촬영 및 처리업,보편적인,PDUK5OR,빈서란,␣,∅,생각하여,부보아,932-39-20846,␣,2009-03-12,어태자,␣,✔,␣,✔,뇌의,1,␣,전라남도 목포시 보광동1가 2-10,9780629462,1900-07-05
D0000,가미우동,종교 단체,소리를 무괴히,␣,맹에밀리,기타 숙박업,∅,␣,양제노,␣,결세를,␣,␣,부산광역시 강서구 대저2동 4017,✘,␣,✔,␣,␣,1921-05-30,␣,9105472139,2011.4.22
D0001,칙바이칙 강남역점,항공 화물 운송업,␣,Z1FN9YW,강방자,면세점,∅,둔 정오품,남궁이튼,947-20-36150,깨끗한 눈이나,1954.11.16,전리순,경기도 평택시 고덕면 동청3길 145 (동청리),✘,스타리아쉐보레 GV90,✘,사이에,␣,␣,서울특별시 은평구 응암동 102-22,␣,1907-09-28
D0002,테지움 서울,음료 및 담배 도매업,이르는,ZMOXNPF,정인재,조명장치 제조업,∅,사회의 돌발,␣,␣,␣,1921.1.4,주원결,전라남도 구례군 구례읍 신월리 386-6,✘,마칸 쌍용,✘,등시포착이,1,2044/1/28,␣,␣,1960-04-29
D0003,파쿠모리카레,␣,"때에, 그",ZHP05XL,견조기,␣,∅,␣,명휘언,110-78-94230,빛깔의 치마.,1974.03.09,엄태빈,광주광역시 북구 설죽로471번길 3-10 (삼각동),✔,␣,✘,␣,9,␣,인천광역시 강화군 강화읍 신문리 241-56,1941732593,1915.08.05
D0004,신당동 떡볶이 골목,박물관 및 사적지 관리 운영업,그런 논술.,ZCUR8EL,제갈선애,토목 시설물 건설업,∅,마루를,어영규,413-03-49649,살리다. 특성을,1958/8/14,왕희우,부산광역시 금정구 서동로140번길 39-2 (서동),✔,베뉴 파일럿,✔,이르는,␣,2015.11.9,인천광역시 서구 로봇랜드로249번길 62-7 (청라동),1194411484,1917.03.06
D0005,망우산 사색의 길,탐정 및 조사 서비스업,사진을,␣,서문하형,산업용 기계 및 장비 도매업,∅,␣,갈아이샤,643-22-11901,␣,␣,노서음,경상북도 청송군 주왕산면 내룡리 369-1,✔,␣,✘,바리가,␣,2027년 11월 21일,경상북도 칠곡군 동명면 남원로5길 10-84 (남원리),1888509266,2023.3.23
D0006,␣,증류주 및 합성주 제조업,"담배, 커피",Z4YK3JC,␣,␣,∅,만주어를,방온솔,␣,남사당패의 줄타기에,1996-09-16,편주신,제주특별자치도 제주시 조천읍 남조로 1765 (교래리),✔,무쏘 마칸,✔,␣,1,2036/4/23,␣,1828147412,2022년 3월 24일
D0007,파일드,건축용 나무제품 제조업,␣,␣,송테오,자동차 차체 및 트레일러 제조업,∅,␣,␣,126-12-50320,␣,2046.11.21,␣,␣,✔,벤츠 투싼,✔,알려져,3,2023년 5월 29일,서울특별시 중랑구 신내동 407-18,1124315594,1943.7.4
D0008,정감어린,␣,␣,␣,두솜희,시스템ㆍ응용 소프트웨어 개발 및 공급업,∅,␣,호로니,783-97-06410,온천. 알칼리가,␣,␣,␣,✘,르노 르노,✘,홈패어,2,1977.02.20,␣,1162188578,␣
D0009,␣,␣,묶다.,␣,␣,지정 폐기물 처리업,∅,␣,신류원,291-44-14745,요역.,1931.2.7,유주영,대구광역시 수성구 동원로11길 25-1 (범어동),✘,␣,✔,발생하는,␣,2041/4/23,"광주광역시 남구 포충로 767 (원산동, 포충사)",1903827558,␣
D0010,버드나무집,␣,호.,␣,␣,일반 기계류 수리업,∅,␣,␣,␣,␣,␣,한승건,"인천광역시 부평구 대보로24번길 12-6 (삼산동, 서광아트빌)",✘,투싼 포르쉐,✘,자꾸,7,1958.12.18,"서울특별시 강서구 공항대로46길 13-7 (화곡동, 대명스카이)",␣,1918-06-29
D0011,앤트러사이트 합정점,전기 공급 및 제어장치 제조업,␣,ZVURJXX,제갈성만,␣,∅,요구하는,␣,390-94-25974,␣,1991/1/6,동충호,␣,✘,␣,✔,␣,8,2009.11.15,충청남도 홍성군 장곡면 행정리 175-4,9729613433,1987-03-11
D0012,스토리지북앤필름 storage book and film,기타 여행 보조 및 예약 서비스업,끊고,␣,피휘섭,정부기관 일반 보조 행정,∅,␣,팽아나스타샤,971-77-96603,␣,␣,어기흔,서울특별시 은평구 연서로37길 29 (불광동),✘,␣,✘,식찬을,3,2030-07-23,␣,␣,␣
D0013,머그포래빗,비료 및 질소 화합물 제조업,회초리로 연거푸,Z51WVJ5,␣,기초 무기화학 물질 제조업,∅,춘래하다,승성비,325-56-58504,문예 잡지.,1977.11.15,␣,전라남도 강진군 도암면 항촌리 498,✘,SM6 쏘나타,✘,곱고,1,␣,경기도 김포시 김포한강1로78번길 61-44 (장기동),1003248245,2016/11/24
D0014,남대문 한옥카페,생활용수 공급업,직업으로,ZYEI10D,배한경,시설작물 재배업,∅,가열하여 액체로,위윤은,826-29-93532,명예,1962년 3월 13일,␣,전라남도 나주시 봉황면 욱곡리 561-4,✔,␣,✔,원한.,5,1990년 6월 27일,경상북도 칠곡군 약목면 관호10길 167 (관호리),␣,1982.7.26
D0015,[백년가게] 블랑제리(르팡),␣,없어지거나 하다.,␣,␣,영화 및 비디오물 상영업,∅,전체의,채연교,106-44-80641,␣,1993-07-11,사종원,␣,✔,␣,✘,겨울철의,8,␣,경기도 양평군 용문면 용문로749번길 30-5 (광탄리),9135198597,␣
D0016,␣,␣,까만 띠가,ZI2WH1D,지례진,서적 출판업,∅,␣,목내인,␣,교화의,1924년 4월 19일,민상구,경상북도 포항시 남구 대송면 운제로107번길 7-4 (제내리),✘,그랜저 GV90,✔,␣,8,1985/6/2,"경기도 양주시 평화로1475번길 161-14 (덕계동, 덕계신도브래뉴)",1369126380,1905.09.29
D0017,"서울의 밤을 즐기자 : 홍대 일대, 경리단 길",␣,␣,Z9I3PUQ,여예별,모터사이클 수리업,∅,볼찬소리를,어희운,036-50-08773,놓듯이,1977.05.15,모나련,"울산광역시 동구 진성1길 4 (전하동, 리치원룸)",✔,␣,✘,␣,3,1937.11.29,충청남도 천안시 서북구 입장면 용정리2길 12-13 (용정리),␣,1998-08-29
E0000,␣,␣,사람과 서로,ZSPZ3RL,김보미나,"냉각, 공기 조화, 여과, 증류 및 가스 발생기 제조업",∅,␣,␣,823-17-49672,␣,1995/2/26,좌휘원,경상북도 김천시 평화동 300-13,✘,말리부 타호,✔,느끼는,7,1963.11.02,충청남도 당진시 정미면 도산리 477-11,␣,1971.12.29
E0001,␣,사회서비스 관리 행정,␣,␣,손언빈,␣,∅,능려하다 아주,황강빈,␣,잇따라 쏨.,1917/3/4,서문상운,경상남도 남해군 서면 스포츠로475번길 37-19 (대정리),✘,␣,✔,␣,2,␣,경기도 시흥시 매화동 231-4,1099484699,2013.02.26
E0002,압구정서서갈비,␣,␣,ZC1LCYU,␣,␣,∅,␣,␣,␣,규정(표준어,␣,안공주,경기도 수원시 팔달구 매교동 167-42,✘,싼타페 CR-V,✘,점쉼표에,4,␣,충청북도 옥천군 안내면 장계1길 44 (장계리),9784276859,2028/10/19
E0003,␣,예술학원,단체나,ZR4DXRQ,두연두,건물 및 구축물 해체 공사업,∅,그런 소리를,백우기,483-97-98030,띤,1904/7/26,양지주,전북특별자치도 고창군 고수면 황산리 251-6,✘,␣,✔,들린다.,␣,2045.05.26,␣,1567858615,1946.7.13
E0004,룩옵티컬 익선점,생명보험업,␣,ZN6JFEV,␣,통신장비 수리업,∅,속아서 따르게,␣,250-85-35470,␣,␣,␣,광주광역시 남구 백운동 624-16 (프라도원룸),✘,A 클래스 무쏘,✘,␣,␣,␣,부산광역시 남구 문현동 790-38,9511605053,1950년 6월 9일
